mjd,rh,delta,alpha,aper_arcsec,mag,mag_err,filter
59209.564784,5.021,4.606,10.643,2.99,19.71,0.151,o
59209.567086,5.021,4.606,10.643,2.99,19.819,0.164,o
59209.56985,5.021,4.606,10.643,2.99,19.859,0.168,o
59209.596239,5.021,4.606,10.641,2.99,19.622,0.132,o
59219.619588,5.009,4.45,9.834,3.09,19.927,0.317,o
59220.453075,5.008,4.437,9.752,3.1,19.551,0.187,o
59220.465083,5.008,4.437,9.751,3.1,19.525,0.184,o
59220.493586,5.008,4.437,9.748,3.1,19.587,0.183,o
59220.50473,5.008,4.436,9.747,3.1,19.6,0.178,o
59222.599224,5.005,4.406,9.528,3.12,19.373,0.117,o
59222.602442,5.005,4.406,9.528,3.12,19.455,0.125,o
59222.622385,5.005,4.405,9.526,3.12,19.611,0.147,o
59222.627791,5.005,4.405,9.525,3.12,19.302,0.114,o
59224.576489,5.003,4.377,9.308,3.15,19.779,0.117,c
59224.611457,5.003,4.377,9.304,3.15,19.975,0.14,c
59224.642607,5.003,4.376,9.3,3.15,20.258,0.257,c
59226.440427,5.0,4.351,9.088,3.16,19.901,0.136,c
59226.449677,5.0,4.351,9.087,3.16,20.005,0.146,c
59226.464387,5.0,4.351,9.085,3.16,20.448,0.211,c
59226.48939,5.0,4.35,9.082,3.16,20.016,0.141,c
59230.447459,4.996,4.297,8.575,3.2,19.757,0.125,c
59230.454786,4.996,4.297,8.574,3.2,19.741,0.122,c
59230.457078,4.996,4.297,8.574,3.2,19.641,0.112,c
59230.469,4.996,4.296,8.572,3.2,19.713,0.117,c
59232.480405,4.993,4.27,8.295,3.22,19.947,0.143,c
59232.48456,4.993,4.27,8.294,3.22,19.715,0.118,c
59232.490551,4.993,4.27,8.293,3.22,19.886,0.135,c
59232.502076,4.993,4.27,8.292,3.22,20.09,0.159,c
59234.507804,4.991,4.245,8.002,3.24,19.721,0.13,c
59248.547346,4.974,4.094,5.634,3.36,18.559,0.084,o
59248.551033,4.974,4.094,5.634,3.36,18.77,0.099,o
59248.557482,4.974,4.094,5.632,3.36,18.746,0.099,o
59248.572225,4.974,4.094,5.63,3.36,18.984,0.121,o
59251.530158,4.971,4.068,5.064,3.38,18.86,0.079,o
59251.549847,4.971,4.068,5.061,3.38,18.935,0.086,o
59251.569189,4.971,4.068,5.057,3.38,18.686,0.07,o
59252.510224,4.97,4.06,4.873,3.39,19.605,0.105,c
59252.51253,4.97,4.06,4.872,3.39,19.543,0.097,c
59252.513461,4.97,4.06,4.872,3.39,19.705,0.114,c
59252.516223,4.97,4.06,4.872,3.39,19.278,0.078,c
59252.519014,4.97,4.06,4.871,3.39,19.441,0.092,c
59252.524087,4.97,4.06,4.87,3.39,19.257,0.077,c
59252.525494,4.97,4.06,4.87,3.39,19.621,0.107,c
59252.527802,4.97,4.06,4.869,3.39,19.499,0.095,c
59253.436795,4.969,4.053,4.69,3.4,19.715,0.114,c
59253.439101,4.969,4.053,4.69,3.4,19.587,0.102,c
59253.441863,4.969,4.053,4.689,3.4,19.806,0.123,c
59253.467946,4.969,4.053,4.684,3.4,19.504,0.095,c
59255.436344,4.967,4.038,4.29,3.41,19.379,0.089,c
59255.438175,4.967,4.038,4.29,3.41,19.226,0.079,c
59255.44092,4.967,4.038,4.289,3.41,19.269,0.081,c
59255.446036,4.967,4.038,4.288,3.41,19.341,0.086,c
59257.478772,4.964,4.024,3.875,3.42,19.237,0.076,c
59257.482139,4.964,4.024,3.874,3.42,19.149,0.071,c
59257.503571,4.964,4.024,3.87,3.42,19.284,0.079,c
59257.514058,4.964,4.024,3.867,3.42,19.263,0.078,c
59258.339665,4.963,4.019,3.698,3.43,19.216,0.089,c
59258.355783,4.963,4.018,3.694,3.43,19.3,0.093,c
59258.381578,4.963,4.018,3.689,3.43,19.442,0.102,c
59258.393827,4.963,4.018,3.687,3.43,19.54,0.11,c
59261.413471,4.96,4.001,3.06,3.44,19.391,0.091,c
59261.41532,4.96,4.001,3.06,3.44,19.591,0.109,c
59261.431378,4.96,4.001,3.057,3.44,19.106,0.072,c
59261.43414,4.96,4.001,3.056,3.44,19.261,0.082,c
59262.483288,4.959,3.995,2.837,3.44,19.35,0.1,c
59262.486493,4.959,3.995,2.836,3.44,19.365,0.103,c
59262.49291,4.959,3.995,2.835,3.44,19.38,0.12,c
59262.52789,4.958,3.995,2.828,3.44,19.449,0.118,c
59267.416016,4.953,3.974,1.819,3.46,18.702,0.089,o
59267.440386,4.953,3.974,1.814,3.46,18.779,0.093,o
59267.445768,4.953,3.974,1.813,3.46,18.664,0.085,o
59267.459789,4.953,3.974,1.81,3.46,18.639,0.082,o
59268.312968,4.952,3.971,1.641,3.47,18.591,0.096,o
59268.315731,4.952,3.971,1.64,3.47,18.391,0.08,o
59268.346685,4.952,3.971,1.634,3.47,18.529,0.085,o
59268.363617,4.952,3.97,1.631,3.47,18.613,0.09,o
59269.310134,4.951,3.967,1.449,3.47,18.645,0.126,o
59269.321198,4.951,3.967,1.447,3.47,18.515,0.11,o
59269.323041,4.951,3.967,1.446,3.47,18.529,0.11,o
59269.323502,4.951,3.967,1.446,3.47,18.484,0.106,o
59269.329542,4.951,3.967,1.445,3.47,18.648,0.121,o
59269.331857,4.951,3.967,1.445,3.47,18.391,0.096,o
59276.445946,4.943,3.954,0.896,3.48,18.471,0.076,o
59276.448712,4.943,3.954,0.896,3.48,18.438,0.074,o
59276.455156,4.943,3.954,0.896,3.48,18.46,0.076,o
59276.465341,4.943,3.954,0.897,3.48,18.561,0.084,o
59277.422168,4.942,3.953,1.009,3.48,18.477,0.07,o
59277.425133,4.942,3.953,1.01,3.48,18.414,0.067,o
59277.46009,4.942,3.953,1.015,3.48,18.474,0.07,o
59277.472587,4.942,3.953,1.016,3.48,18.313,0.062,o
59278.469677,4.941,3.953,1.168,3.48,18.557,0.199,o
59278.478424,4.941,3.953,1.17,3.48,18.693,0.327,o
59288.345544,4.93,3.966,3.167,3.47,18.691,0.067,o
59288.347388,4.93,3.966,3.167,3.47,18.555,0.06,o
59288.351089,4.93,3.966,3.168,3.47,18.501,0.057,o
59288.372306,4.93,3.966,3.173,3.47,18.58,0.06,o
59291.398513,4.927,3.976,3.811,3.46,19.069,0.072,c
59291.405566,4.927,3.976,3.813,3.46,19.023,0.07,c
59291.429443,4.927,3.976,3.818,3.46,18.952,0.067,c
59291.435187,4.927,3.976,3.819,3.46,19.193,0.081,c
59292.393026,4.926,3.98,4.019,3.46,18.797,0.074,o
59292.396261,4.926,3.98,4.02,3.46,18.701,0.067,o
59292.402311,4.926,3.98,4.021,3.46,18.668,0.066,o
59292.437792,4.926,3.98,4.028,3.46,18.824,0.077,o
59293.379644,4.925,3.984,4.224,3.46,18.751,0.072,o
59293.38287,4.925,3.984,4.225,3.46,18.721,0.07,o
59293.389436,4.925,3.984,4.226,3.46,18.719,0.069,o
59293.413729,4.925,3.984,4.231,3.45,18.678,0.064,o
59297.400249,4.92,4.003,5.046,3.44,18.807,0.137,o
59297.416234,4.92,4.003,5.049,3.44,18.551,0.106,o
59297.426336,4.92,4.003,5.051,3.44,18.594,0.113,o
59297.430485,4.92,4.004,5.052,3.44,18.327,0.089,o
59303.360494,4.914,4.04,6.208,3.41,18.747,0.137,o
59303.363556,4.914,4.04,6.209,3.41,18.781,0.142,o
59303.369139,4.914,4.04,6.21,3.41,18.46,0.107,o
59303.384043,4.914,4.04,6.212,3.41,18.438,0.108,o
59304.392136,4.913,4.047,6.401,3.4,18.397,0.084,o
59304.397669,4.913,4.047,6.402,3.4,18.469,0.084,o
59304.403933,4.913,4.047,6.403,3.4,18.329,0.074,o
59304.421909,4.913,4.047,6.407,3.4,18.464,0.085,o
59305.486052,4.912,4.055,6.603,3.39,18.409,0.093,o
59305.491133,4.912,4.055,6.604,3.39,18.492,0.101,o
59305.495893,4.912,4.055,6.605,3.39,18.489,0.103,o
59309.329861,4.908,4.086,7.289,3.37,18.973,0.065,c
59309.3344,4.908,4.086,7.29,3.37,18.991,0.066,c
59309.343287,4.908,4.086,7.291,3.37,19.089,0.071,c
59309.355227,4.908,4.086,7.293,3.37,19.001,0.067,c
59313.3174,4.904,4.121,7.957,3.34,19.122,0.075,c
59313.321184,4.904,4.121,7.958,3.34,19.079,0.072,c
59313.330977,4.904,4.121,7.96,3.34,18.983,0.066,c
59319.3134,4.898,4.179,8.874,3.29,18.589,0.067,o
59319.316653,4.898,4.18,8.874,3.29,18.645,0.07,o
59319.327222,4.898,4.18,8.876,3.29,18.77,0.083,o
59319.339219,4.898,4.18,8.878,3.29,18.738,0.073,o
59321.304917,4.896,4.201,9.153,3.28,18.646,0.068,o
59321.319747,4.896,4.201,9.155,3.28,18.657,0.069,o
59321.326101,4.896,4.201,9.156,3.28,18.731,0.073,o
59321.33521,4.896,4.201,9.158,3.28,18.756,0.074,o
59329.376774,4.888,4.293,10.154,3.21,19.212,0.268,o
59331.355869,4.886,4.317,10.367,3.19,18.676,0.201,o
59331.388282,4.886,4.317,10.37,3.19,19.186,0.297,o
59331.419507,4.886,4.317,10.374,3.19,18.735,0.216,o
59334.28383,4.883,4.353,10.658,3.16,18.924,0.081,o
59334.287993,4.883,4.353,10.658,3.16,18.954,0.085,o
59334.293505,4.883,4.353,10.659,3.16,18.935,0.082,o
59334.304064,4.883,4.353,10.66,3.16,18.913,0.083,o
59334.304979,4.883,4.353,10.66,3.16,19.024,0.089,o
59334.308203,4.883,4.354,10.66,3.16,18.999,0.089,o
59334.313765,4.883,4.354,10.661,3.16,18.741,0.077,o
59334.329366,4.883,4.354,10.662,3.16,18.797,0.092,o
59335.290717,4.882,4.366,10.751,3.15,18.953,0.083,o
59335.291632,4.882,4.366,10.751,3.15,19.163,0.097,o
59335.304227,4.882,4.366,10.753,3.15,19.09,0.094,o
59335.304684,4.882,4.366,10.753,3.15,19.041,0.088,o
59335.323125,4.882,4.366,10.754,3.15,18.997,0.09,o
59335.323582,4.882,4.366,10.754,3.15,19.112,0.097,o
59335.338381,4.882,4.367,10.756,3.15,18.907,0.086,o
59335.338838,4.882,4.367,10.756,3.15,19.021,0.092,o
59337.326295,4.88,4.392,10.93,3.13,18.843,0.141,o
59337.337847,4.88,4.392,10.931,3.13,18.806,0.182,o
59343.255642,4.874,4.471,11.373,3.08,19.492,0.105,c
59343.2585,4.874,4.471,11.373,3.08,19.48,0.102,c
59343.277222,4.874,4.471,11.375,3.08,19.421,0.104,c
59345.291724,4.872,4.499,11.499,3.06,18.729,0.075,o
59345.294955,4.872,4.499,11.499,3.06,18.889,0.085,o
59345.310166,4.872,4.499,11.5,3.06,18.822,0.083,o
59345.323158,4.872,4.499,11.501,3.06,18.753,0.079,o
59346.302674,4.871,4.512,11.556,3.05,19.542,0.109,c
59347.313677,4.87,4.526,11.61,3.04,19.471,0.111,c
59347.31781,4.87,4.526,11.61,3.04,19.399,0.105,c
59347.328046,4.87,4.527,11.611,3.04,19.661,0.133,c
59347.346659,4.87,4.527,11.612,3.04,19.399,0.11,c
59350.251139,4.868,4.567,11.749,3.01,19.013,0.078,c
59350.254383,4.868,4.567,11.749,3.01,18.989,0.075,c
59350.261744,4.868,4.567,11.749,3.01,18.943,0.072,c
59350.272751,4.868,4.567,11.75,3.01,18.969,0.073,c
59351.255435,4.867,4.581,11.79,3.0,18.449,0.068,o
59351.281399,4.867,4.582,11.791,3.0,18.548,0.074,o
59351.294792,4.867,4.582,11.791,3.0,18.368,0.064,o
59351.308498,4.867,4.582,11.792,3.0,18.58,0.077,o
59352.266169,4.866,4.595,11.828,2.99,18.463,0.071,o
59352.26939,4.866,4.595,11.828,2.99,18.412,0.068,o
59352.274922,4.866,4.596,11.828,2.99,18.329,0.064,o
59352.289239,4.866,4.596,11.829,2.99,18.34,0.066,o
59358.238285,4.86,4.68,11.99,2.94,18.526,0.106,o
59358.243785,4.86,4.68,11.99,2.94,18.63,0.116,o
59358.252976,4.86,4.68,11.991,2.94,18.745,0.129,o
59358.25621,4.86,4.68,11.991,2.94,18.977,0.16,o
59361.321466,4.858,4.724,12.033,2.91,18.903,0.157,o
59361.326992,4.858,4.724,12.033,2.91,18.638,0.127,o
59361.337609,4.857,4.724,12.033,2.91,18.651,0.135,o
59361.341774,4.857,4.724,12.033,2.91,18.586,0.13,o
59363.26615,4.856,4.752,12.046,2.9,18.776,0.077,o
59363.271664,4.856,4.752,12.046,2.9,18.824,0.08,o
59363.28318,4.856,4.752,12.046,2.9,18.793,0.079,o
59363.28822,4.856,4.752,12.046,2.9,18.846,0.085,o
59367.250414,4.852,4.809,12.039,2.86,18.844,0.084,o
59367.255905,4.852,4.809,12.039,2.86,18.75,0.077,o
59367.259106,4.852,4.809,12.039,2.86,18.788,0.08,o
59367.277183,4.852,4.809,12.039,2.86,18.708,0.075,o
59368.272616,4.851,4.823,12.031,2.85,19.355,0.088,c
59368.275858,4.851,4.823,12.031,2.85,19.384,0.09,c
59368.28326,4.851,4.823,12.03,2.85,19.309,0.086,c
59368.297087,4.851,4.824,12.03,2.85,19.429,0.097,c
59370.260107,4.849,4.851,12.006,2.84,18.934,0.086,o
59370.266543,4.849,4.852,12.006,2.84,18.936,0.087,o
59370.272537,4.849,4.852,12.005,2.84,18.976,0.09,o
59370.284513,4.849,4.852,12.005,2.84,19.147,0.105,o
59372.230546,4.848,4.879,11.971,2.82,19.281,0.084,c
59372.233781,4.848,4.88,11.971,2.82,19.315,0.084,c
59372.239777,4.848,4.88,11.971,2.82,19.292,0.082,c
59372.249547,4.848,4.88,11.97,2.82,19.442,0.093,c
59374.223275,4.846,4.908,11.925,2.8,19.007,0.138,o
59374.226483,4.846,4.908,11.925,2.8,18.8,0.092,o
59374.23337,4.846,4.908,11.925,2.8,18.991,0.089,o
59374.251255,4.846,4.908,11.924,2.8,19.085,0.094,o
59377.225998,4.843,4.95,11.838,2.78,19.31,0.097,c
59377.232579,4.843,4.95,11.838,2.78,19.377,0.091,c
59377.235347,4.843,4.95,11.837,2.78,19.524,0.102,c
59393.226723,4.83,5.166,11.022,2.67,18.782,0.095,o
59393.232255,4.83,5.166,11.022,2.67,18.859,0.087,o
59393.236424,4.83,5.166,11.021,2.67,18.867,0.085,o
59393.247025,4.83,5.166,11.021,2.66,18.818,0.082,o
59397.225648,4.826,5.217,10.735,2.64,18.752,0.086,o
59397.228873,4.826,5.217,10.735,2.64,18.943,0.096,o
59397.234421,4.826,5.217,10.735,2.64,18.98,0.096,o
59397.245484,4.826,5.217,10.734,2.64,19.043,0.105,o
59580.578082,4.722,4.847,11.703,2.84,19.358,0.119,o
59580.578543,4.722,4.847,11.703,2.84,19.36,0.125,o
59580.581766,4.722,4.847,11.703,2.84,19.48,0.131,o
59580.582227,4.722,4.847,11.703,2.84,19.455,0.134,o
59580.588681,4.722,4.847,11.704,2.84,19.695,0.165,o
59580.589143,4.722,4.847,11.704,2.84,19.249,0.107,o
59580.599297,4.722,4.847,11.704,2.84,19.148,0.102,o
59580.599757,4.722,4.847,11.704,2.84,19.196,0.102,o
59584.544049,4.721,4.785,11.853,2.88,19.224,0.106,o
59584.547727,4.721,4.785,11.853,2.88,19.181,0.101,o
59584.556017,4.721,4.785,11.853,2.88,19.455,0.126,o
59584.566164,4.721,4.785,11.853,2.88,19.36,0.115,o
59586.561292,4.72,4.753,11.912,2.9,19.741,0.137,c
59586.564492,4.72,4.753,11.912,2.9,19.663,0.128,c
59586.570909,4.72,4.753,11.913,2.9,19.553,0.116,c
59586.576428,4.72,4.753,11.913,2.9,19.739,0.135,c
59588.550658,4.719,4.722,11.96,2.91,19.266,0.104,o
59588.553432,4.719,4.722,11.96,2.91,19.217,0.1,o
59588.555736,4.719,4.722,11.96,2.91,19.214,0.103,o
59588.559451,4.719,4.722,11.961,2.91,19.039,0.089,o
59588.560835,4.719,4.721,11.961,2.91,19.229,0.101,o
59588.565784,4.719,4.721,11.961,2.91,19.128,0.095,o
59588.574094,4.719,4.721,11.961,2.91,19.338,0.109,o
59588.5787,4.719,4.721,11.961,2.91,19.317,0.111,o
59592.596222,4.718,4.657,12.023,2.96,19.242,0.104,o
59592.600369,4.718,4.657,12.023,2.96,19.32,0.11,o
59592.606361,4.718,4.657,12.023,2.96,19.281,0.106,o
59592.62516,4.718,4.657,12.023,2.96,19.58,0.137,o
59595.040696,4.718,4.619,12.038,2.98,19.12,0.162,o
59595.04633,4.718,4.618,12.038,2.98,18.965,0.134,o
59595.056225,4.718,4.618,12.038,2.98,18.945,0.115,o
59595.061394,4.718,4.618,12.038,2.98,18.839,0.095,o
59596.5394,4.717,4.595,12.038,3.0,19.034,0.16,o
59596.542625,4.717,4.595,12.038,3.0,19.29,0.199,o
59596.549544,4.717,4.595,12.038,3.0,19.248,0.189,o
59596.559714,4.717,4.594,12.038,3.0,19.051,0.155,o
59600.574059,4.716,4.531,12.005,3.04,19.209,0.165,o
59600.576863,4.716,4.531,12.005,3.04,19.244,0.169,o
59600.579624,4.716,4.531,12.005,3.04,19.252,0.169,o
59600.59207,4.716,4.53,12.004,3.04,19.45,0.198,o
59601.46906,4.716,4.516,11.99,3.05,18.631,0.158,o
59601.481433,4.716,4.516,11.99,3.05,19.127,0.238,o
59601.489232,4.716,4.516,11.99,3.05,18.915,0.18,o
59601.513879,4.716,4.516,11.989,3.05,18.882,0.158,o
59606.588925,4.715,4.436,11.858,3.1,18.689,0.077,o
59606.591665,4.715,4.436,11.858,3.1,18.983,0.099,o
59606.594407,4.715,4.436,11.858,3.1,18.794,0.084,o
59606.608079,4.715,4.436,11.857,3.1,18.727,0.078,o
59609.058975,4.714,4.397,11.763,3.13,19.322,0.102,c
59609.061786,4.714,4.397,11.763,3.13,19.252,0.096,c
59609.065473,4.714,4.397,11.763,3.13,19.083,0.084,c
59609.07574,4.714,4.397,11.762,3.13,19.224,0.094,c
59612.611472,4.713,4.343,11.59,3.17,19.2,0.082,c
59612.616733,4.713,4.343,11.589,3.17,19.305,0.089,c
59612.620865,4.713,4.343,11.589,3.17,19.179,0.081,c
59612.63262,4.713,4.343,11.588,3.17,19.096,0.076,c
59614.573535,4.713,4.313,11.475,3.19,18.875,0.072,o
59614.607287,4.713,4.313,11.473,3.19,18.707,0.063,o
59614.635638,4.713,4.312,11.471,3.19,18.868,0.077,o
59614.641898,4.713,4.312,11.471,3.19,18.902,0.103,o
59616.597406,4.713,4.283,11.343,3.21,19.232,0.092,c
59616.603526,4.713,4.283,11.342,3.21,19.163,0.086,c
59616.606733,4.713,4.283,11.342,3.21,19.152,0.086,c
59616.618284,4.713,4.282,11.341,3.21,19.139,0.085,c
59617.061585,4.712,4.276,11.31,3.22,19.153,0.098,c
59617.064407,4.712,4.276,11.31,3.22,19.108,0.093,c
59617.069546,4.712,4.276,11.31,3.22,19.129,0.095,c
59617.081175,4.712,4.275,11.309,3.22,19.047,0.091,c
59617.109563,4.712,4.275,11.307,3.22,18.986,0.237,c
59618.553422,4.712,4.254,11.201,3.24,18.808,0.069,o
59618.555265,4.712,4.254,11.201,3.24,18.873,0.073,o
59618.558052,4.712,4.254,11.201,3.24,19.013,0.082,o
59618.564981,4.712,4.254,11.2,3.24,19.03,0.081,o
59620.601951,4.712,4.224,11.038,3.26,19.093,0.081,c
59620.60515,4.712,4.224,11.038,3.26,19.138,0.084,c
59620.615222,4.712,4.224,11.037,3.26,19.248,0.093,c
59620.631337,4.712,4.223,11.035,3.26,19.18,0.089,c
59621.063658,4.712,4.217,10.999,3.26,19.217,0.091,c
59621.065025,4.712,4.217,10.999,3.26,19.043,0.079,c
59621.070137,4.712,4.217,10.999,3.26,18.978,0.075,c
59621.08003,4.712,4.217,10.998,3.26,19.08,0.081,c
59622.546545,4.711,4.196,10.869,3.28,18.803,0.085,o
59622.549334,4.711,4.196,10.869,3.28,18.98,0.098,o
59622.553024,4.711,4.196,10.869,3.28,18.996,0.097,o
59622.559017,4.711,4.196,10.868,3.28,18.729,0.073,o
59624.577517,4.711,4.167,10.679,3.3,18.428,0.084,o
59624.601821,4.711,4.167,10.676,3.3,18.459,0.082,o
59624.608227,4.711,4.167,10.676,3.3,18.706,0.1,o
59624.612412,4.711,4.167,10.675,3.3,18.605,0.09,o
59634.563924,4.71,4.034,9.528,3.41,18.3,0.058,o
59634.567158,4.71,4.034,9.527,3.41,18.455,0.066,o
59634.572641,4.71,4.034,9.526,3.41,18.365,0.062,o
59634.606203,4.709,4.034,9.522,3.41,18.475,0.07,o
59636.531187,4.709,4.01,9.259,3.43,18.665,0.057,c
59636.53983,4.709,4.01,9.258,3.43,18.662,0.057,c
59636.545488,4.709,4.01,9.257,3.43,18.727,0.059,c
59636.551373,4.709,4.01,9.256,3.43,18.564,0.052,c
59638.507506,4.709,3.986,8.976,3.45,18.511,0.062,o
59638.509329,4.709,3.986,8.975,3.45,18.343,0.054,o
59638.512064,4.709,3.986,8.975,3.45,18.271,0.051,o
59638.517989,4.709,3.986,8.974,3.45,18.447,0.059,o
59640.492031,4.709,3.963,8.677,3.47,18.724,0.062,c
59640.523691,4.709,3.963,8.672,3.47,18.601,0.061,c
59640.529036,4.709,3.963,8.672,3.47,18.682,0.065,c
59640.553976,4.709,3.962,8.668,3.47,18.635,0.063,c
59640.562054,4.709,3.962,8.667,3.47,18.777,0.065,c
59640.564997,4.709,3.962,8.666,3.47,18.541,0.055,c
59640.598367,4.709,3.962,8.661,3.47,18.638,0.061,c
59640.604876,4.709,3.962,8.66,3.47,18.518,0.057,c
59642.494716,4.708,3.941,8.363,3.49,18.351,0.051,o
59642.496539,4.708,3.941,8.363,3.49,18.387,0.052,o
59642.524347,4.708,3.94,8.358,3.49,18.434,0.052,o
59642.530832,4.708,3.94,8.357,3.49,18.468,0.053,o
59644.553908,4.708,3.919,8.026,3.51,18.449,0.081,c
59644.556909,4.708,3.919,8.025,3.51,18.736,0.099,c
59644.562398,4.708,3.918,8.024,3.51,18.566,0.088,c
59644.575881,4.708,3.918,8.022,3.51,18.822,0.106,c
59644.638644,4.708,3.918,8.012,3.51,18.936,0.139,c
59646.625198,4.708,3.897,7.673,3.53,18.312,0.063,o
59646.628094,4.708,3.897,7.672,3.53,18.438,0.072,o
59646.631316,4.708,3.897,7.672,3.53,18.403,0.074,o
59646.63457,4.708,3.897,7.671,3.53,18.261,0.075,o
59646.636395,4.708,3.897,7.671,3.53,18.392,0.097,o
59648.514557,4.708,3.878,7.339,3.55,18.616,0.056,c
59648.547613,4.708,3.878,7.333,3.55,18.603,0.056,c
59648.56072,4.708,3.878,7.331,3.55,18.639,0.058,c
59648.567652,4.708,3.878,7.33,3.55,18.685,0.06,c
59650.4539,4.708,3.86,6.986,3.57,18.233,0.059,o
59650.482239,4.708,3.86,6.981,3.57,18.26,0.059,o
59650.486457,4.708,3.86,6.98,3.57,18.31,0.06,o
59650.491025,4.708,3.86,6.979,3.57,18.176,0.053,o
59651.272277,4.708,3.853,6.833,3.57,18.434,0.056,c
59651.275477,4.708,3.853,6.833,3.57,18.329,0.052,c
59651.282742,4.708,3.853,6.831,3.57,18.51,0.06,c
59651.292485,4.708,3.853,6.83,3.57,18.522,0.061,c
59651.384982,4.708,3.852,6.812,3.57,18.434,0.103,c
59654.582605,4.707,3.824,6.198,3.6,18.169,0.084,o
59660.529377,4.707,3.78,4.985,3.64,18.009,0.078,o
59660.532577,4.707,3.78,4.984,3.64,18.114,0.09,o
59660.538071,4.707,3.78,4.983,3.64,17.989,0.08,o
59662.548966,4.707,3.767,4.554,3.65,18.054,0.056,o
59662.554309,4.707,3.767,4.553,3.65,18.06,0.057,o
59662.562114,4.707,3.767,4.551,3.65,18.025,0.056,o
59662.568048,4.707,3.767,4.55,3.65,18.155,0.062,o
59666.505873,4.706,3.745,3.687,3.68,18.034,0.046,o
59666.512263,4.706,3.745,3.685,3.68,17.987,0.043,o
59666.516379,4.706,3.745,3.684,3.68,17.937,0.043,o
59666.526173,4.706,3.745,3.682,3.68,17.891,0.043,o
59667.233992,4.706,3.742,3.524,3.68,17.683,0.037,o
59667.239116,4.706,3.742,3.523,3.68,17.789,0.04,o
59667.242765,4.706,3.742,3.522,3.68,17.726,0.038,o
59667.274146,4.706,3.742,3.515,3.68,17.707,0.04,o
59668.436512,4.706,3.736,3.254,3.68,18.202,0.073,c
59668.439758,4.706,3.736,3.253,3.68,18.397,0.097,c
59668.522329,4.706,3.736,3.234,3.68,18.235,0.067,c
59670.416142,4.706,3.728,2.804,3.69,17.869,0.04,o
59670.417965,4.706,3.728,2.804,3.69,17.979,0.044,o
59670.422524,4.706,3.728,2.803,3.69,17.899,0.041,o
59670.431849,4.706,3.728,2.8,3.69,17.927,0.042,o
59672.913832,4.706,3.719,2.23,3.7,18.129,0.042,c
59672.916608,4.706,3.719,2.229,3.7,18.173,0.043,c
59672.920265,4.706,3.719,2.228,3.7,18.131,0.042,c
59672.929846,4.706,3.719,2.226,3.7,18.061,0.04,c
59676.444724,4.706,3.71,1.407,3.71,18.111,0.048,c
59676.447921,4.706,3.71,1.407,3.71,18.021,0.046,c
59676.453433,4.706,3.71,1.405,3.71,18.018,0.046,c
59676.458917,4.706,3.71,1.404,3.71,18.531,0.057,c
59676.462117,4.706,3.71,1.403,3.71,18.108,0.045,c
59676.463944,4.706,3.71,1.403,3.71,18.048,0.046,c
59679.122014,4.706,3.706,0.755,3.71,17.522,0.04,o
59679.125657,4.706,3.706,0.754,3.71,17.473,0.045,o
59679.133405,4.706,3.706,0.752,3.71,17.423,0.063,o
59679.142924,4.706,3.706,0.75,3.71,17.455,0.063,o
59680.434539,4.706,3.705,0.43,3.72,17.969,0.078,c
59680.439789,4.706,3.705,0.428,3.72,17.865,0.068,c
59682.343388,4.706,3.704,0.22,3.72,17.658,0.057,o
59682.348003,4.706,3.704,0.22,3.72,17.57,0.052,o
59682.354007,4.706,3.704,0.22,3.72,17.632,0.055,o
59682.364099,4.706,3.704,0.22,3.72,17.736,0.058,o
59688.408144,4.706,3.707,1.421,3.71,17.6,0.119,o
59688.416896,4.706,3.707,1.423,3.71,17.793,0.111,o
59688.427484,4.706,3.707,1.425,3.71,17.446,0.064,o
59690.407898,4.706,3.711,1.888,3.71,17.796,0.046,o
59690.411097,4.706,3.711,1.888,3.71,17.859,0.049,o
59690.42681,4.706,3.711,1.892,3.71,17.844,0.052,o
59690.432351,4.706,3.711,1.893,3.71,17.822,0.05,o
59691.164416,4.706,3.713,2.064,3.71,17.564,0.042,o
59691.167139,4.706,3.713,2.064,3.71,17.627,0.045,o
59691.173554,4.706,3.713,2.066,3.71,17.61,0.044,o
59691.186474,4.706,3.713,2.069,3.71,17.637,0.046,o
59692.406223,4.706,3.716,2.351,3.71,18.201,0.051,c
59692.411779,4.706,3.716,2.353,3.71,18.115,0.122,c
59692.422245,4.706,3.716,2.355,3.71,18.374,0.117,c
59694.388443,4.706,3.722,2.807,3.7,17.896,0.042,o
59694.391639,4.706,3.722,2.808,3.7,17.938,0.044,o
59694.398014,4.706,3.722,2.81,3.7,17.874,0.041,o
59694.408698,4.706,3.722,2.812,3.7,17.839,0.041,o
59695.142985,4.706,3.724,2.98,3.7,17.642,0.043,o
59695.148283,4.706,3.724,2.981,3.7,17.57,0.04,o
59695.152132,4.706,3.724,2.982,3.7,17.648,0.043,o
59695.165381,4.706,3.724,2.985,3.7,17.628,0.041,o
59696.401891,4.706,3.729,3.266,3.69,18.312,0.054,c
59696.405091,4.706,3.729,3.267,3.69,18.197,0.051,c
59696.433207,4.706,3.729,3.273,3.69,18.471,0.06,c
59696.438503,4.706,3.729,3.274,3.69,18.33,0.055,c
59698.370316,4.707,3.737,3.709,3.68,17.912,0.073,o
59698.371237,4.707,3.737,3.709,3.68,17.89,0.066,o
59698.37584,4.707,3.737,3.71,3.68,17.999,0.074,o
59698.376761,4.707,3.737,3.71,3.68,17.859,0.067,o
59698.380622,4.707,3.737,3.711,3.68,17.934,0.082,o
59698.381082,4.707,3.737,3.711,3.68,17.906,0.088,o
59699.130012,4.707,3.74,3.878,3.68,17.591,0.102,o
59699.133419,4.707,3.74,3.879,3.68,17.63,0.08,o
59699.140602,4.707,3.74,3.88,3.68,17.608,0.083,o
59700.364643,4.707,3.746,4.151,3.67,18.392,0.079,c
59700.367857,4.707,3.746,4.152,3.67,18.302,0.057,c
59700.374854,4.707,3.746,4.153,3.67,18.319,0.054,c
59700.874416,4.707,3.749,4.263,3.67,17.731,0.04,o
59700.877642,4.707,3.749,4.264,3.67,17.762,0.041,o
59700.884083,4.707,3.749,4.265,3.67,17.697,0.04,o
59700.894683,4.707,3.749,4.267,3.67,17.729,0.041,o
59703.166143,4.707,3.761,4.76,3.66,17.652,0.043,o
59703.169415,4.707,3.761,4.761,3.66,17.676,0.043,o
59703.174897,4.707,3.761,4.762,3.66,17.602,0.045,o
59703.186692,4.707,3.761,4.764,3.66,17.691,0.045,o
59704.35152,4.707,3.768,5.013,3.65,18.489,0.157,c
59710.297792,4.707,3.809,6.234,3.61,17.975,0.077,o
59710.301475,4.707,3.809,6.234,3.61,18.057,0.083,o
59710.322095,4.707,3.809,6.238,3.61,18.109,0.091,o
59716.374141,4.708,3.859,7.388,3.57,17.807,0.076,o
59716.377339,4.708,3.859,7.388,3.57,17.996,0.09,o
59716.387399,4.708,3.859,7.39,3.57,17.821,0.078,o
59719.143897,4.708,3.885,7.879,3.54,18.077,0.064,o
59719.147748,4.708,3.885,7.88,3.54,18.137,0.068,o
59719.153531,4.708,3.885,7.881,3.54,18.238,0.074,o
59719.163833,4.708,3.885,7.882,3.54,18.072,0.067,o
59720.358928,4.708,3.897,8.087,3.53,18.433,0.053,c
59720.362148,4.708,3.897,8.088,3.53,18.467,0.055,c
59720.368556,4.708,3.897,8.089,3.53,18.512,0.057,c
59720.378674,4.708,3.897,8.091,3.53,18.357,0.051,c
59722.306688,4.709,3.916,8.412,3.52,18.223,0.055,o
59722.309908,4.709,3.916,8.412,3.52,18.297,0.058,o
59722.31589,4.709,3.916,8.413,3.52,18.261,0.057,o
59722.325684,4.709,3.917,8.415,3.51,18.392,0.064,o
59724.296206,4.709,3.937,8.731,3.5,18.492,0.056,c
59724.303241,4.709,3.937,8.732,3.5,18.578,0.06,c
59724.307395,4.709,3.937,8.733,3.5,18.502,0.056,c
59724.322102,4.709,3.937,8.735,3.49,18.463,0.055,c
59724.827842,4.709,3.943,8.814,3.49,18.057,0.045,o
59724.831682,4.709,3.943,8.815,3.49,18.099,0.046,o
59724.837614,4.709,3.943,8.816,3.49,18.014,0.043,o
59724.847839,4.709,3.943,8.817,3.49,18.103,0.046,o
59726.297252,4.709,3.959,9.039,3.48,18.209,0.052,o
59726.300939,4.709,3.959,9.04,3.48,18.223,0.052,o
59726.3107,4.709,3.959,9.041,3.48,18.281,0.055,o
59726.325009,4.709,3.959,9.044,3.48,18.158,0.05,o
59728.846262,4.71,3.988,9.413,3.45,18.066,0.046,o
59728.848996,4.71,3.988,9.414,3.45,18.059,0.046,o
59728.854486,4.71,3.988,9.414,3.45,18.1,0.048,o
59728.86648,4.71,3.988,9.416,3.45,18.17,0.05,o
59728.867409,4.71,3.988,9.416,3.45,18.185,0.05,o
59728.870623,4.71,3.988,9.417,3.45,18.185,0.05,o
59728.876119,4.71,3.988,9.417,3.45,18.154,0.048,o
59728.886747,4.71,3.988,9.419,3.45,18.109,0.047,o
59730.281643,4.71,4.004,9.614,3.44,18.109,0.078,o
59730.294661,4.71,4.005,9.616,3.44,18.248,0.058,o
59730.30617,4.71,4.005,9.617,3.44,18.291,0.081,o
59734.281387,4.71,4.053,10.137,3.4,18.305,0.054,o
59734.286912,4.71,4.053,10.138,3.4,18.304,0.055,o
59734.295662,4.71,4.053,10.139,3.4,18.313,0.056,o
59734.299347,4.71,4.053,10.139,3.4,18.339,0.057,o
59736.29509,4.711,4.078,10.38,3.38,18.193,0.058,o
59736.299236,4.711,4.078,10.38,3.38,18.166,0.057,o
59736.304985,4.711,4.078,10.381,3.38,18.182,0.057,o
59736.319721,4.711,4.078,10.383,3.38,18.136,0.055,o
59736.768087,4.711,4.084,10.435,3.37,18.035,0.051,o
59736.772188,4.711,4.084,10.435,3.37,18.174,0.057,o
59736.777737,4.711,4.084,10.436,3.37,18.265,0.061,o
59736.783728,4.711,4.084,10.437,3.37,18.207,0.057,o
59736.787423,4.711,4.084,10.437,3.37,18.147,0.054,o
59736.791525,4.711,4.084,10.437,3.37,18.274,0.062,o
59736.792891,4.711,4.084,10.438,3.37,18.111,0.052,o
59736.80361,4.711,4.085,10.439,3.37,18.41,0.066,o
59738.25006,4.711,4.103,10.602,3.36,18.507,0.09,o
59738.253859,4.711,4.103,10.602,3.36,18.526,0.092,o
59738.262378,4.711,4.103,10.603,3.36,18.488,0.089,o
59738.274599,4.711,4.103,10.605,3.35,18.585,0.096,o
59742.13145,4.712,4.154,11.004,3.31,18.232,0.14,o
59742.141149,4.712,4.155,11.005,3.31,18.18,0.138,o
59742.151735,4.712,4.155,11.006,3.31,18.148,0.143,o
59743.096612,4.712,4.168,11.097,3.3,18.39,0.142,o
59743.103772,4.712,4.168,11.097,3.3,18.088,0.112,o
59743.114249,4.712,4.168,11.098,3.3,18.264,0.132,o
59744.290824,4.712,4.184,11.206,3.29,18.253,0.112,o
59744.294046,4.712,4.184,11.206,3.29,18.265,0.113,o
59744.303184,4.712,4.184,11.207,3.29,18.561,0.151,o
59744.319278,4.712,4.184,11.209,3.29,18.486,0.146,o
59745.10932,4.712,4.195,11.278,3.28,18.505,0.21,o
59746.073411,4.712,4.208,11.361,3.27,18.608,0.134,o
59746.076763,4.712,4.208,11.361,3.27,18.288,0.1,o
59746.083185,4.712,4.209,11.361,3.27,18.28,0.101,o
59746.095971,4.712,4.209,11.363,3.27,18.453,0.122,o
59746.293449,4.713,4.212,11.379,3.27,18.436,0.091,o
59746.29667,4.713,4.212,11.379,3.27,18.336,0.124,o
59746.303589,4.713,4.212,11.38,3.27,18.413,0.116,o
59746.314184,4.713,4.212,11.381,3.27,18.26,0.105,o
59747.03431,4.713,4.222,11.439,3.26,18.412,0.087,o
59751.057684,4.713,4.279,11.736,3.22,18.284,0.144,o
59751.073461,4.713,4.279,11.737,3.22,18.564,0.169,o
59754.233849,4.714,4.325,11.932,3.18,18.475,0.064,o
59754.239371,4.714,4.325,11.933,3.18,18.6,0.065,o
59754.243515,4.714,4.325,11.933,3.18,18.535,0.061,o
59754.259223,4.714,4.325,11.934,3.18,18.549,0.062,o
59756.230888,4.715,4.354,12.039,3.16,18.631,0.086,c
59756.234541,4.715,4.354,12.039,3.16,19.044,0.101,c
59756.244608,4.715,4.355,12.039,3.16,18.748,0.067,c
59756.250567,4.715,4.355,12.04,3.16,18.714,0.064,c
59758.262244,4.715,4.385,12.134,3.14,18.523,0.062,o
59760.230966,4.716,4.414,12.213,3.12,18.921,0.107,c
59760.234133,4.716,4.414,12.213,3.12,18.821,0.086,c
59760.241829,4.716,4.414,12.213,3.12,19.073,0.093,c
59760.256388,4.716,4.414,12.214,3.12,18.877,0.078,c
59764.719446,4.717,4.482,12.348,3.07,18.502,0.068,o
59764.722598,4.717,4.482,12.348,3.07,18.457,0.065,o
59764.729382,4.717,4.482,12.348,3.07,18.474,0.067,o
59764.740387,4.717,4.482,12.348,3.07,18.592,0.075,o
59766.227108,4.717,4.505,12.379,3.06,18.738,0.12,o
59766.230339,4.717,4.505,12.379,3.06,18.61,0.102,o
59766.240367,4.717,4.505,12.38,3.06,18.692,0.151,o
59769.01017,4.718,4.547,12.42,3.03,18.92,0.219,o
59769.014034,4.718,4.547,12.42,3.03,18.33,0.131,o
59769.020842,4.718,4.547,12.42,3.03,18.456,0.147,o
59769.031616,4.718,4.547,12.42,3.03,18.73,0.194,o
59770.24048,4.718,4.566,12.43,3.02,18.57,0.1,o
59770.244131,4.718,4.566,12.43,3.02,18.669,0.109,o
59770.249602,4.718,4.566,12.43,3.02,18.586,0.102,o
59770.260108,4.718,4.566,12.43,3.02,18.569,0.103,o
59772.255951,4.719,4.597,12.438,2.99,18.604,0.121,o
59772.25957,4.719,4.597,12.438,2.99,18.475,0.109,o
59772.267275,4.719,4.597,12.438,2.99,18.647,0.13,o
59772.279055,4.719,4.597,12.438,2.99,18.398,0.107,o
59772.796138,4.719,4.605,12.438,2.99,18.779,0.168,o
59772.798852,4.719,4.605,12.438,2.99,18.645,0.151,o
59772.806959,4.719,4.605,12.438,2.99,18.371,0.122,o
59772.817765,4.719,4.605,12.438,2.99,18.633,0.161,o
59773.005461,4.719,4.608,12.438,2.99,18.79,0.164,o
59773.009826,4.719,4.608,12.438,2.99,18.676,0.147,o
59773.017305,4.719,4.608,12.438,2.99,18.396,0.119,o
59773.031496,4.719,4.608,12.438,2.99,18.439,0.127,o
59774.239479,4.719,4.627,12.434,2.97,18.71,0.113,o
59774.242666,4.719,4.627,12.434,2.97,18.948,0.142,o
59774.249048,4.719,4.627,12.434,2.97,18.848,0.131,o
59774.259124,4.719,4.627,12.434,2.97,19.08,0.167,o
59775.73328,4.72,4.65,12.424,2.96,18.663,0.087,o
59775.736818,4.72,4.65,12.424,2.96,18.407,0.078,o
59775.767867,4.72,4.65,12.424,2.96,18.542,0.103,o
59776.233456,4.72,4.657,12.42,2.96,18.443,0.063,o
59776.237488,4.72,4.658,12.42,2.96,18.586,0.068,o
59776.242945,4.72,4.658,12.42,2.96,18.462,0.062,o
59776.254304,4.72,4.658,12.419,2.96,18.512,0.065,o
59776.713791,4.72,4.665,12.415,2.95,18.684,0.077,o
59776.716978,4.72,4.665,12.415,2.95,18.695,0.077,o
59776.723309,4.72,4.665,12.414,2.95,18.561,0.069,o
59776.741087,4.72,4.665,12.414,2.95,18.576,0.071,o
59778.267796,4.72,4.689,12.394,2.94,18.871,0.088,o
59778.270986,4.72,4.689,12.394,2.94,18.969,0.096,o
59778.279188,4.72,4.689,12.394,2.94,18.833,0.087,o
59778.28921,4.72,4.689,12.393,2.94,18.801,0.086,o
59780.254172,4.721,4.719,12.358,2.92,19.215,0.104,c
59780.25965,4.721,4.719,12.358,2.92,19.249,0.108,c
59780.262832,4.721,4.719,12.357,2.92,19.104,0.096,c
59780.275055,4.721,4.719,12.357,2.92,19.181,0.106,c
59782.962005,4.722,4.76,12.292,2.89,18.979,0.109,o
59782.965795,4.722,4.76,12.292,2.89,18.789,0.092,o
59782.971312,4.722,4.76,12.292,2.89,18.97,0.106,o
59782.982091,4.722,4.76,12.291,2.89,18.822,0.094,o
59786.941531,4.723,4.82,12.162,2.86,18.83,0.143,o
59786.946545,4.723,4.82,12.161,2.86,18.847,0.114,o
59786.949704,4.723,4.82,12.161,2.86,18.848,0.106,o
59786.961649,4.723,4.821,12.161,2.86,18.983,0.108,o
59788.684221,4.724,4.846,12.092,2.84,18.982,0.092,c
59788.687849,4.724,4.846,12.092,2.84,18.973,0.08,c
59788.69332,4.724,4.847,12.092,2.84,18.982,0.075,c
59788.706503,4.724,4.847,12.091,2.84,19.104,0.081,c
59790.935384,4.724,4.88,11.992,2.82,19.062,0.135,c
59790.936304,4.724,4.88,11.992,2.82,19.568,0.198,c
59790.938582,4.724,4.88,11.992,2.82,19.39,0.14,c
59790.939032,4.724,4.88,11.992,2.82,19.387,0.138,c
59790.945851,4.724,4.88,11.991,2.82,19.152,0.09,c
59790.946752,4.724,4.88,11.991,2.82,19.344,0.105,c
59790.955918,4.724,4.88,11.991,2.82,19.478,0.113,c
59790.956875,4.724,4.88,11.991,2.82,19.755,0.145,c
59792.681236,4.725,4.906,11.906,2.8,19.085,0.143,c
59792.684389,4.725,4.906,11.906,2.8,19.012,0.118,c
59792.691604,4.725,4.906,11.905,2.8,19.194,0.125,c
59792.703082,4.725,4.906,11.905,2.8,19.073,0.151,c
59796.733014,4.726,4.965,11.68,2.77,18.822,0.151,o
59796.736343,4.726,4.965,11.68,2.77,18.884,0.177,o
59796.736792,4.726,4.965,11.68,2.77,18.559,0.135,o
59796.740965,4.726,4.965,11.679,2.77,18.544,0.166,o
59796.741866,4.726,4.965,11.679,2.77,19.189,0.228,o
59796.747891,4.726,4.965,11.679,2.77,18.567,0.15,o
59796.752018,4.726,4.966,11.679,2.77,18.505,0.124,o
59796.761431,4.726,4.966,11.678,2.77,18.911,0.191,o
59798.958987,4.727,4.997,11.541,2.75,18.878,0.138,o
59798.974005,4.727,4.998,11.54,2.75,18.845,0.136,o
59799.683388,4.727,5.008,11.493,2.75,19.342,0.261,o
59799.686371,4.727,5.008,11.493,2.75,18.925,0.16,o
59799.694889,4.727,5.008,11.493,2.75,18.59,0.114,o
59799.707196,4.727,5.008,11.492,2.75,18.891,0.184,o
59800.680746,4.728,5.022,11.426,2.74,18.525,0.167,o
59800.6839,4.728,5.022,11.426,2.74,19.023,0.21,o
59800.693856,4.728,5.022,11.425,2.74,18.692,0.122,o
59800.699328,4.728,5.022,11.425,2.74,18.799,0.132,o
59801.941492,4.728,5.04,11.338,2.73,18.958,0.197,o
59801.944206,4.728,5.04,11.338,2.73,18.618,0.161,o
59801.946357,4.728,5.04,11.338,2.73,19.102,0.233,o
59801.951821,4.728,5.04,11.338,2.73,19.134,0.251,o
59801.964069,4.728,5.04,11.337,2.73,18.833,0.19,o
59804.22137,4.729,5.072,11.172,2.71,18.785,0.129,o
59804.225448,4.729,5.072,11.171,2.71,18.804,0.135,o
59804.231775,4.729,5.072,11.171,2.71,18.984,0.169,o
59804.241782,4.729,5.072,11.17,2.71,18.727,0.15,o
59804.93963,4.729,5.082,11.117,2.71,18.85,0.242,o
59804.959298,4.729,5.082,11.116,2.71,19.128,0.123,o
59804.962912,4.729,5.082,11.115,2.71,18.981,0.104,o
59805.985258,4.73,5.096,11.036,2.7,19.179,0.134,o
59805.988909,4.73,5.096,11.036,2.7,19.06,0.137,o
59805.996141,4.73,5.097,11.035,2.7,18.791,0.105,o
59806.984438,4.73,5.11,10.956,2.69,18.89,0.096,o
59806.994676,4.73,5.11,10.956,2.69,19.239,0.129,o
59807.003738,4.73,5.11,10.955,2.69,18.863,0.097,o
59807.007341,4.73,5.11,10.954,2.69,19.033,0.113,o
59810.213779,4.731,5.154,10.687,2.67,19.336,0.169,o
59810.217423,4.731,5.154,10.686,2.67,19.17,0.129,o
59810.222896,4.731,5.154,10.686,2.67,19.072,0.111,o
59810.232957,4.731,5.154,10.685,2.67,19.071,0.11,o
59970.321201,4.83,5.212,10.379,2.64,19.335,0.152,o
59970.326714,4.83,5.212,10.379,2.64,19.238,0.139,o
59970.330826,4.83,5.212,10.379,2.64,19.409,0.168,o
59970.341876,4.83,5.211,10.38,2.64,19.044,0.146,o
59973.318817,4.832,5.172,10.61,2.66,19.002,0.106,o
59973.322481,4.832,5.172,10.61,2.66,19.339,0.147,o
59973.333956,4.832,5.172,10.611,2.66,18.97,0.105,o
59973.341261,4.832,5.172,10.612,2.66,19.164,0.137,o
59978.332568,4.837,5.104,10.956,2.7,18.892,0.095,o
59978.334821,4.837,5.104,10.956,2.7,18.993,0.103,o
59978.337567,4.837,5.104,10.956,2.7,18.994,0.106,o
59981.330014,4.839,5.063,11.135,2.72,19.123,0.223,o
59981.33322,4.839,5.063,11.136,2.72,18.771,0.162,o
59981.339532,4.839,5.063,11.136,2.72,19.261,0.25,o
59981.34635,4.839,5.062,11.136,2.72,19.074,0.208,o
59987.338424,4.844,4.978,11.433,2.77,18.802,0.195,o
59987.341135,4.844,4.978,11.433,2.77,19.242,0.291,o
59987.347592,4.844,4.977,11.433,2.77,19.124,0.261,o
59987.355117,4.844,4.977,11.433,2.77,19.127,0.271,o
59995.306799,4.851,4.862,11.686,2.83,19.616,0.148,c
59995.320304,4.851,4.862,11.687,2.83,19.413,0.124,c
59995.367318,4.851,4.861,11.688,2.83,18.999,0.158,c
59998.078658,4.854,4.821,11.734,2.86,19.066,0.102,o
59998.079109,4.854,4.821,11.734,2.86,18.859,0.088,o
59998.086292,4.854,4.821,11.734,2.86,19.119,0.105,o
59998.089457,4.854,4.821,11.735,2.86,19.133,0.107,o
59998.100435,4.854,4.821,11.735,2.86,19.032,0.112,o
59999.305931,4.855,4.803,11.749,2.87,19.637,0.148,c
59999.308183,4.855,4.803,11.749,2.87,19.405,0.121,c
59999.322819,4.855,4.803,11.749,2.87,19.267,0.105,c
59999.328413,4.855,4.803,11.749,2.87,19.243,0.101,c
60002.065764,4.857,4.762,11.765,2.89,18.962,0.099,o
60002.083981,4.857,4.762,11.765,2.89,19.091,0.112,o
60002.087027,4.857,4.762,11.765,2.89,18.887,0.094,o
60002.092812,4.857,4.762,11.765,2.89,18.905,0.096,o
60003.305448,4.859,4.744,11.765,2.9,19.174,0.095,c
60003.312151,4.859,4.744,11.765,2.9,19.316,0.106,c
60003.315306,4.859,4.744,11.765,2.9,19.173,0.094,c
60006.078361,4.861,4.703,11.749,2.93,19.098,0.126,o
60006.081561,4.861,4.703,11.749,2.93,18.803,0.098,o
60006.088338,4.861,4.703,11.749,2.93,18.933,0.11,o
60006.099919,4.861,4.703,11.749,2.93,18.789,0.101,o
60007.335253,4.862,4.685,11.734,2.94,18.746,0.09,o
60007.345638,4.862,4.685,11.734,2.94,18.766,0.089,o
60011.26481,4.866,4.627,11.656,2.97,18.64,0.167,o
60011.279162,4.866,4.627,11.656,2.97,19.28,0.278,o
60011.284141,4.866,4.627,11.656,2.97,19.527,0.351,o
60014.064744,4.868,4.587,11.571,3.0,18.62,0.119,o
60014.080767,4.868,4.587,11.571,3.0,18.484,0.112,o
60014.083474,4.868,4.587,11.571,3.0,18.599,0.124,o
60014.088996,4.868,4.586,11.571,3.0,18.618,0.116,o
60015.329148,4.87,4.569,11.525,3.01,18.88,0.236,o
60019.306415,4.873,4.512,11.345,3.05,18.745,0.106,o
60019.30822,4.873,4.512,11.345,3.05,18.646,0.099,o
60019.315506,4.873,4.512,11.345,3.05,18.637,0.096,o
60019.324878,4.873,4.512,11.344,3.05,18.734,0.117,o
60022.090913,4.876,4.473,11.188,3.08,19.079,0.137,c
60023.311312,4.877,4.456,11.111,3.09,18.649,0.082,o
60023.313113,4.877,4.456,11.111,3.09,18.706,0.086,o
60023.324403,4.877,4.456,11.11,3.09,18.567,0.079,o
60023.327558,4.877,4.456,11.11,3.09,18.611,0.081,o
60026.035173,4.88,4.419,10.922,3.12,19.111,0.253,c
60027.26807,4.881,4.402,10.828,3.13,18.579,0.077,o
60027.26991,4.881,4.402,10.828,3.13,18.645,0.082,o
60027.274181,4.881,4.402,10.827,3.13,18.658,0.081,o
60027.282298,4.881,4.402,10.827,3.13,18.742,0.087,o
60031.288424,4.885,4.349,10.486,3.17,18.537,0.074,o
60031.290251,4.885,4.349,10.485,3.17,18.517,0.073,o
60031.292993,4.885,4.349,10.485,3.17,18.638,0.08,o
60031.299179,4.885,4.349,10.485,3.17,18.736,0.087,o
60034.021063,4.888,4.314,10.222,3.19,19.059,0.109,c
60034.023001,4.888,4.314,10.222,3.19,18.834,0.082,c
60034.025745,4.888,4.314,10.222,3.19,19.03,0.096,c
60034.051947,4.888,4.314,10.219,3.19,19.395,0.133,c
60036.032043,4.89,4.289,10.012,3.21,18.403,0.065,o
60036.034335,4.89,4.289,10.012,3.21,18.602,0.076,o
60036.037549,4.89,4.289,10.012,3.21,18.612,0.076,o
60036.043025,4.89,4.289,10.011,3.21,18.457,0.067,o
60037.251876,4.891,4.274,9.878,3.22,18.593,0.109,o
60037.25371,4.891,4.274,9.878,3.22,18.391,0.091,o
60037.256895,4.891,4.274,9.878,3.22,18.633,0.111,o
60037.262409,4.891,4.274,9.877,3.22,18.511,0.1,o
60038.992249,4.892,4.253,9.679,3.24,18.462,0.106,o
60038.994067,4.892,4.253,9.679,3.24,18.547,0.114,o
60039.00146,4.892,4.253,9.678,3.24,18.499,0.11,o
60039.006647,4.892,4.253,9.677,3.24,18.63,0.121,o
60049.247505,4.903,4.14,8.306,3.32,18.441,0.072,o
60049.250897,4.903,4.14,8.305,3.32,18.497,0.075,o
60049.254143,4.903,4.14,8.305,3.32,18.443,0.072,o
60049.276683,4.903,4.14,8.301,3.32,18.517,0.076,o
60052.240559,4.906,4.111,7.843,3.35,18.691,0.074,c
60052.242407,4.906,4.111,7.843,3.35,19.037,0.097,c
60052.246591,4.906,4.111,7.842,3.35,18.807,0.081,c
60052.252643,4.906,4.111,7.841,3.35,18.879,0.087,c
60054.058343,4.908,4.095,7.549,3.36,18.58,0.089,o
60054.061732,4.908,4.094,7.549,3.36,18.325,0.073,o
60054.090053,4.908,4.094,7.544,3.36,18.509,0.08,o
60054.095827,4.908,4.094,7.543,3.36,18.595,0.087,o
60058.213224,4.912,4.059,6.844,3.39,18.675,0.078,c
60058.218511,4.912,4.059,6.843,3.39,18.732,0.081,c
60058.221233,4.912,4.059,6.842,3.39,18.689,0.078,c
60058.247013,4.912,4.059,6.838,3.39,18.849,0.091,c
60060.030005,4.914,4.045,6.521,3.4,18.231,0.056,o
60060.058931,4.914,4.044,6.515,3.4,18.412,0.067,o
60060.087994,4.914,4.044,6.51,3.4,18.436,0.07,o
60060.091377,4.914,4.044,6.509,3.4,18.35,0.065,o
60062.953492,4.917,4.023,5.984,3.42,18.367,0.066,o
60062.956259,4.917,4.023,5.984,3.42,18.27,0.061,o
60062.959516,4.917,4.023,5.983,3.42,18.313,0.062,o
60062.965816,4.917,4.023,5.982,3.42,18.342,0.064,o
60068.950189,4.923,3.986,4.826,3.45,18.59,0.19,o
60068.953526,4.923,3.986,4.825,3.45,18.134,0.126,o
60068.956841,4.923,3.986,4.825,3.45,18.464,0.152,o
60068.983978,4.923,3.986,4.819,3.45,18.369,0.155,o
60074.992376,4.93,3.958,3.597,3.48,18.261,0.079,o
60074.995183,4.93,3.958,3.596,3.48,18.103,0.07,o
60075.000725,4.93,3.958,3.595,3.48,18.107,0.07,o
60075.01262,4.93,3.958,3.593,3.48,18.192,0.078,o
60076.221355,4.931,3.954,3.341,3.48,18.271,0.137,o
60076.256786,4.931,3.954,3.334,3.48,18.319,0.21,o
60076.259977,4.931,3.954,3.333,3.48,18.145,0.198,o
60076.265153,4.931,3.954,3.332,3.48,18.211,0.215,o
60079.20975,4.934,3.945,2.716,3.49,18.097,0.07,o
60079.220313,4.934,3.945,2.714,3.49,18.106,0.072,o
60079.223477,4.934,3.945,2.713,3.49,18.288,0.095,o
60080.921998,4.936,3.941,2.358,3.49,18.476,0.055,c
60080.9248,4.936,3.941,2.357,3.49,18.432,0.053,c
60080.928006,4.936,3.941,2.357,3.49,18.413,0.052,c
60080.963381,4.936,3.941,2.349,3.49,18.611,0.069,c
60082.229291,4.937,3.939,2.086,3.49,18.013,0.065,o
60082.232123,4.937,3.939,2.085,3.49,18.099,0.069,o
60082.238156,4.937,3.939,2.084,3.49,18.247,0.077,o
60082.262815,4.938,3.939,2.079,3.49,18.148,0.072,o
60083.930222,4.939,3.936,1.736,3.5,18.326,0.058,c
60083.934299,4.939,3.936,1.735,3.5,18.368,0.051,c
60083.966333,4.939,3.936,1.729,3.5,18.344,0.049,c
60083.973201,4.939,3.936,1.727,3.5,18.419,0.053,c
60083.973653,4.939,3.936,1.727,3.5,18.387,0.051,c
60085.198349,4.941,3.935,1.481,3.5,18.081,0.056,o
60085.20824,4.941,3.935,1.479,3.5,18.069,0.055,o
60085.212297,4.941,3.935,1.478,3.5,18.038,0.055,o
60085.224196,4.941,3.935,1.476,3.5,18.136,0.06,o
60092.97105,4.949,3.938,0.79,3.49,18.395,0.053,c
60092.973806,4.949,3.938,0.791,3.49,18.378,0.052,c
60092.979427,4.949,3.938,0.792,3.49,18.468,0.056,c
60093.004772,4.949,3.938,0.795,3.49,18.426,0.057,c
60101.955123,4.959,3.963,2.466,3.47,18.511,0.114,o
60101.958489,4.959,3.963,2.467,3.47,18.342,0.1,o
60101.976229,4.959,3.963,2.471,3.47,18.183,0.092,o
60101.981398,4.959,3.963,2.472,3.47,18.288,0.101,o
60109.127163,4.967,3.999,3.94,3.44,18.614,0.068,c
60109.130083,4.967,3.999,3.941,3.44,18.631,0.069,c
60109.139769,4.967,3.999,3.943,3.44,18.645,0.07,c
60109.149963,4.967,3.999,3.945,3.44,18.495,0.062,c
60110.120891,4.969,4.006,4.14,3.44,18.578,0.066,c
60110.134775,4.969,4.006,4.143,3.44,18.571,0.066,c
60110.141854,4.969,4.006,4.144,3.44,18.616,0.069,c
60112.140889,4.971,4.019,4.542,3.42,18.607,0.126,c
60112.143731,4.971,4.019,4.543,3.42,18.649,0.105,c
60112.149001,4.971,4.019,4.544,3.42,18.618,0.087,c
60119.856141,4.98,4.08,6.005,3.37,18.256,0.065,o
60119.861683,4.98,4.08,6.006,3.37,18.438,0.073,o
60119.871324,4.98,4.08,6.008,3.37,18.493,0.073,o
60128.876107,4.99,4.17,7.535,3.3,18.467,0.154,o
60128.892606,4.99,4.17,7.537,3.3,18.499,0.166,o
60128.89545,4.99,4.17,7.538,3.3,18.39,0.151,o
60128.900692,4.99,4.17,7.539,3.3,18.498,0.167,o
60130.147619,4.992,4.184,7.733,3.29,18.575,0.132,o
60130.150805,4.992,4.184,7.733,3.29,18.491,0.124,o
60130.157552,4.992,4.184,7.734,3.29,18.555,0.133,o
60130.176485,4.992,4.184,7.737,3.29,18.505,0.134,o
60134.058209,4.996,4.229,8.312,3.26,19.138,0.178,o
60134.067833,4.997,4.229,8.313,3.26,18.739,0.24,o
60134.079883,4.997,4.229,8.315,3.26,18.457,0.135,o
60134.080334,4.997,4.229,8.315,3.26,18.5,0.183,o
60134.084936,4.997,4.229,8.316,3.26,19.105,0.3,o
60134.095708,4.997,4.229,8.317,3.26,18.518,0.132,o
60134.101685,4.997,4.229,8.318,3.26,18.459,0.106,o
60136.128045,4.999,4.254,8.6,3.24,19.247,0.13,o
60136.131266,4.999,4.254,8.601,3.24,18.911,0.099,o
60136.137384,4.999,4.254,8.601,3.23,19.089,0.113,o
60136.148991,4.999,4.254,8.603,3.23,18.911,0.098,o
60137.850647,5.001,4.276,8.83,3.22,19.105,0.077,c
60137.853412,5.001,4.276,8.83,3.22,18.99,0.07,c
60137.858584,5.001,4.276,8.831,3.22,18.937,0.068,c
60137.885102,5.001,4.276,8.834,3.22,18.897,0.066,c
60139.089911,5.002,4.292,8.99,3.21,18.702,0.079,o
60139.09359,5.003,4.292,8.99,3.21,18.491,0.068,o
60139.100304,5.003,4.292,8.991,3.21,18.665,0.078,o
60139.118304,5.003,4.292,8.993,3.21,18.537,0.071,o
60140.848849,5.005,4.315,9.208,3.19,19.442,0.106,c
60140.851839,5.005,4.315,9.208,3.19,19.613,0.126,c
60140.870491,5.005,4.315,9.211,3.19,20.432,0.268,c
60142.079312,5.006,4.331,9.355,3.18,18.576,0.073,o
60142.082069,5.006,4.331,9.355,3.18,18.657,0.078,o
60142.087337,5.006,4.331,9.356,3.18,18.437,0.066,o
60142.103115,5.006,4.331,9.358,3.18,18.839,0.085,o
60142.104071,5.006,4.331,9.358,3.18,18.634,0.076,o
60146.856269,5.012,4.397,9.879,3.13,19.159,0.091,c
60146.862591,5.012,4.397,9.88,3.13,19.056,0.08,c
60146.880192,5.012,4.397,9.882,3.13,19.186,0.1,c
60148.062367,5.013,4.414,10.0,3.12,18.795,0.108,o
60148.065647,5.013,4.414,10.0,3.12,18.645,0.097,o
60148.078997,5.013,4.414,10.002,3.12,18.677,0.111,o
60148.084309,5.013,4.414,10.002,3.12,19.236,0.186,o
60149.806764,5.015,4.439,10.166,3.1,18.783,0.089,o
60149.810052,5.015,4.439,10.167,3.1,18.743,0.086,o
60149.828589,5.015,4.439,10.168,3.1,18.708,0.083,o
60149.8489,5.015,4.44,10.17,3.1,18.603,0.079,o
60157.050926,5.024,4.547,10.752,3.03,19.085,0.214,o
60157.059362,5.024,4.548,10.753,3.03,18.818,0.168,o
60157.069512,5.024,4.548,10.753,3.03,18.903,0.189,o
60157.812596,5.025,4.559,10.804,3.02,18.912,0.184,o
60157.815797,5.025,4.559,10.804,3.02,18.606,0.141,o
60157.838852,5.025,4.56,10.806,3.02,19.177,0.266,o
60157.854985,5.025,4.56,10.807,3.02,18.704,0.168,o
60158.860802,5.027,4.575,10.872,3.01,18.8,0.155,o
60158.864609,5.027,4.575,10.873,3.01,18.593,0.131,o
60158.870142,5.027,4.575,10.873,3.01,18.942,0.181,o
60158.880141,5.027,4.576,10.874,3.01,18.926,0.187,o
60160.076458,5.028,4.594,10.947,3.0,18.839,0.134,o
60160.079752,5.028,4.594,10.948,3.0,18.812,0.131,o
60160.08573,5.028,4.594,10.948,3.0,18.92,0.144,o
60160.095489,5.028,4.595,10.949,3.0,18.535,0.104,o
60161.784182,5.03,4.621,11.045,2.98,18.975,0.099,o
60161.790446,5.03,4.621,11.045,2.98,18.892,0.094,o
60161.793666,5.03,4.621,11.045,2.98,19.111,0.11,o
60161.812391,5.03,4.622,11.046,2.98,18.933,0.096,o
60163.074032,5.032,4.641,11.113,2.96,19.285,0.111,c
60163.077221,5.032,4.642,11.113,2.96,19.262,0.109,c
60163.085457,5.032,4.642,11.113,2.96,19.481,0.131,c
60163.095594,5.032,4.642,11.114,2.96,19.254,0.11,c
60167.807811,5.038,4.717,11.317,2.92,18.984,0.11,o
60167.811573,5.038,4.717,11.317,2.92,18.882,0.101,o
60167.816849,5.038,4.718,11.317,2.92,18.81,0.096,o
60170.064763,5.04,4.754,11.39,2.9,19.311,0.121,c
60170.068051,5.04,4.754,11.39,2.9,19.328,0.126,c
60170.072392,5.04,4.754,11.391,2.9,19.823,0.161,c
60170.073825,5.04,4.754,11.391,2.9,19.153,0.096,c
60170.089022,5.041,4.754,11.391,2.89,19.285,0.108,c
60175.023745,5.047,4.835,11.498,2.85,19.551,0.139,c
60175.026551,5.047,4.836,11.498,2.85,19.605,0.145,c
60175.031755,5.047,4.836,11.499,2.85,19.753,0.18,c
60175.041509,5.047,4.836,11.499,2.85,19.483,0.152,c
60175.707896,5.048,4.847,11.508,2.84,19.235,0.121,o
60175.710682,5.048,4.847,11.508,2.84,19.16,0.111,o
60176.786685,5.049,4.865,11.52,2.83,19.246,0.144,o
60176.790073,5.049,4.865,11.52,2.83,19.454,0.172,o
60176.795764,5.049,4.865,11.52,2.83,20.107,0.315,o
60176.807009,5.049,4.865,11.52,2.83,19.58,0.186,o
60178.014712,5.05,4.885,11.529,2.82,19.203,0.128,o
60178.017899,5.051,4.885,11.529,2.82,18.99,0.106,o
60178.025394,5.051,4.885,11.529,2.82,19.196,0.123,o
60178.038347,5.051,4.885,11.529,2.82,19.044,0.11,o
